[{"_id":{"$oid":"5cbf35b84af12ce16d622141"},"99popularity":66.0,"director":"Giovanni Pastrone","genre":["Adventure"," Drama"," War"],"imdb_score":6.6,"name":"Cabiria"},{"_id":{"$oid":"5cbf35b84af12ce16d622142"},"99popularity":87.0,"director":"Alfred Hitchcock","genre":["Horror"," Mystery"," Thriller"],"imdb_score":8.7,"name":"Psycho"},{"_id":{"$oid":"5cbf35b84af12ce16d622143"},"99popularity":80.0,"director":"Merian C. Cooper","genre":["Adventure"," Fantasy"," Horror"],"imdb_score":8.0,"name":"King Kong"},{"_id":{"$oid":"5cbf35b84af12ce16d622144"},"99popularity":88.0,"director":"George Lucas","genre":["Action"," Adventure"," Fantasy"," Sci-Fi"],"imdb_score":8.8,"name":"Star Wars"},{"_id":{"$oid":"5cbf35b84af12ce16d622145"},"99popularity":83.0,"director":"Victor Fleming","genre":["Adventure"," Family"," Fantasy"," Musical"],"imdb_score":8.3,"name":"The Wizard of Oz"},{"_id":{"$oid":"5cbf35b84af12ce16d622146"},"99popularity":84.0,"director":"Fritz Lang","genre":["Adventure"," Drama"," Sci-Fi"],"imdb_score":8.4,"name":"Metropolis"},{"_id":{"$oid":"5cbf35b84af12ce16d622147"},"99popularity":86.0,"director":"Marc Daniels","genre":["Adventure"," Sci-Fi"],"imdb_score":8.6,"name":"Star Trek"},{"_id":{"$oid":"5cbf35b84af12ce16d622148"},"99popularity":88.0,"director":"Michael Curtiz","genre":["Drama"," Romance"," War"],"imdb_score":8.8,"name":"Casablanca"},{"_id":{"$oid":"5cbf35b84af12ce16d622149"},"99popularity":79.0,"director":"William Cottrell","genre":["Animation"," Family"," Fantasy"," Musical"," Romance"],"imdb_score":7.9,"name":"Snow White and the Seven Dwarfs"},{"_id":{"$oid":"5cbf35b84af12ce16d62214a"},"99popularity":84.0,"director":"Stanley Kubrick","genre":["Adventure"," Mystery"," Sci-Fi"],"imdb_score":8.4,"name":"2001 : A Space Odyssey"},{"_id":{"$oid":"5cbf35b84af12ce16d62214b"},"99popularity":83.0,"director":"Steven Spielberg","genre":["Thriller"],"imdb_score":8.3,"name":"Jaws"},{"_id":{"$oid":"5cbf35b84af12ce16d62214c"},"99popularity":92.0,"director":"Francis Ford Coppola","genre":["Crime"," Drama"],"imdb_score":9.2,"name":"The Godfather"},{"_id":{"$oid":"5cbf35b84af12ce16d62214d"},"99popularity":64.0,"director":"J. Searle Dawley","genre":["Fantasy"," Romance"],"imdb_score":6.4,"name":"Snow White"},{"_id":{"$oid":"5cbf35b84af12ce16d62214e"},"99popularity":71.0,"director":"D.W. Griffith","genre":["Drama"," History"," Romance"," War"," Western"],"imdb_score":7.1,"name":"The Birth of a Nation"},{"_id":{"$oid":"5cbf35b84af12ce16d62214f"},"99popularity":86.0,"director":"Francis Ford Coppola","genre":["Drama"," War"],"imdb_score":8.6,"name":"Apocalypse Now"},{"_id":{"$oid":"5cbf35b84af12ce16d622150"},"99popularity":76.0,"director":"Ernst Lubitsch","genre":["Musical"," Comedy"," Romance"],"imdb_score":7.6,"name":"The Merry Widow"},{"_id":{"$oid":"5cbf35b84af12ce16d622151"},"99popularity":82.0,"director":"Victor Fleming","genre":["Drama"," Romance"," War"],"imdb_score":8.2,"name":"Gone with the Wind"},{"_id":{"$oid":"5cbf35b84af12ce16d622152"},"99popularity":81.0,"director":"John Ford","genre":["Adventure"," Drama"," Western"],"imdb_score":8.1,"name":"The Searchers"},{"_id":{"$oid":"5cbf35b84af12ce16d622153"},"99popularity":81.0,"director":"Alfred Hitchcock","genre":["Crime"," Film-Noir"," Mystery"," Thriller"],"imdb_score":8.1,"name":"Shadow of a Doubt"},{"_id":{"$oid":"5cbf35b84af12ce16d622154"},"99popularity":86.0,"director":"Alfred Hitchcock","genre":["Crime"," Mystery"," Romance"," Thriller"],"imdb_score":8.6,"name":"Vertigo"},{"_id":{"$oid":"5cbf35b84af12ce16d622155"},"99popularity":81.0,"director":"William Friedkin","genre":["Horror"],"imdb_score":8.1,"name":"The Exorcist"},{"_id":{"$oid":"5cbf35b84af12ce16d622156"},"99popularity":74.0,"director":"Merian C. Cooper","genre":["Adventure"," Documentary"],"imdb_score":7.4,"name":"Chang : A Drama of the Wilderness"},{"_id":{"$oid":"5cbf35b84af12ce16d622157"},"99popularity":86.0,"director":"Orson Welles","genre":["Drama"," Mystery"],"imdb_score":8.6,"name":"Citizen Kane"},{"_id":{"$oid":"5cbf35b84af12ce16d622158"},"99popularity":73.0,"director":"Terence Young","genre":["Action"," Adventure"," Thriller"],"imdb_score":7.3,"name":"Dr. No"},{"_id":{"$oid":"5cbf35b84af12ce16d622159"},"99popularity":81.0,"director":"James Cameron","genre":["Action"," Sci-Fi"," Thriller"],"imdb_score":8.1,"name":"The Terminator"},{"_id":{"$oid":"5cbf35b84af12ce16d62215a"},"99popularity":88.0,"director":"Irvin Kershner","genre":["Action"," Adventure"," Sci-Fi"],"imdb_score":8.8,"name":"Star Wars : Episode V - The Empire Strikes Back"},{"_id":{"$oid":"5cbf35b84af12ce16d62215b"},"99popularity":81.0,"director":"Roman Polanski","genre":["Drama"," Horror"," Mystery"],"imdb_score":8.1,"name":"Rosemarys Baby"},{"_id":{"$oid":"5cbf35b84af12ce16d62215c"},"99popularity":81.0,"director":"Sergei M. Eisenstein","genre":["Drama"," History"," War"],"imdb_score":8.1,"name":"Bronenosets Potyomkin"},{"_id":{"$oid":"5cbf35b84af12ce16d62215d"},"99popularity":83.0,"director":"Orson Welles","genre":["Crime"," Film-Noir"," Thriller"],"imdb_score":8.3,"name":"Touch of Evil"},{"_id":{"$oid":"5cbf35b84af12ce16d62215e"},"99popularity":85.0,"director":"Lisa Simon","genre":["Animation"," Comedy"," Family"," Fantasy"," Music"],"imdb_score":8.5,"name":"Sesame Street"},{"_id":{"$oid":"5cbf35b84af12ce16d62215f"},"99popularity":85.0,"director":"Stanley Kubrick","genre":["Crime"," Drama"," Sci-Fi"],"imdb_score":8.5,"name":"A Clockwork Orange"},{"_id":{"$oid":"5cbf35b84af12ce16d622160"},"99popularity":82.0,"director":"Jean Renoir","genre":["Drama"," War"],"imdb_score":8.2,"name":"La grande illusion"},{"_id":{"$oid":"5cbf35b84af12ce16d622161"},"99popularity":87.0,"director":"Steven Spielberg","genre":["Action"," Adventure"],"imdb_score":8.7,"name":"Raiders of the Lost Ark"},{"_id":{"$oid":"5cbf35b84af12ce16d622162"},"99popularity":80.0,"director":"George A. Romero","genre":["Horror"," Mystery"],"imdb_score":8.0,"name":"Night of the Living Dead"},{"_id":{"$oid":"5cbf35b84af12ce16d622163"},"99popularity":71.0,"director":"Harry O. Hoyt","genre":["Adventure"," Fantasy"," Horror"," Sci-Fi"," Thriller"],"imdb_score":7.1,"name":"The Lost World"},{"_id":{"$oid":"5cbf35b84af12ce16d622164"},"99popularity":53.0,"director":"Larry Semon","genre":["Comedy"," Family"," Fantasy"," Adventure"],"imdb_score":5.3,"name":"The Wizard of Oz"},{"_id":{"$oid":"5cbf35b84af12ce16d622165"},"99popularity":80.0,"director":"James Whale","genre":["Drama"," Horror"," Sci-Fi"],"imdb_score":8.0,"name":"Frankenstein"},{"_id":{"$oid":"5cbf35b84af12ce16d622166"},"99popularity":68.0,"director":"George Lucas","genre":["Drama"," Mystery"," Sci-Fi"," Thriller"],"imdb_score":6.8,"name":"THX 1138"},{"_id":{"$oid":"5cbf35b84af12ce16d622167"},"99popularity":69.0,"director":"Maurice Tourneur","genre":["Comedy"," Drama"],"imdb_score":6.9,"name":"The Poor Little Rich Girl"},{"_id":{"$oid":"5cbf35b84af12ce16d622168"},"99popularity":46.0,"director":"James Parrott","genre":["Short"," Adventure"," Comedy"],"imdb_score":4.6,"name":"The Tin Man"},{"_id":{"$oid":"5cbf35b84af12ce16d622169"},"99popularity":86.0,"director":"Martin Scorsese","genre":["Drama"," Thriller"],"imdb_score":8.6,"name":"Taxi Driver"},{"_id":{"$oid":"5cbf35b84af12ce16d62216a"},"99popularity":79.0,"director":"Steven Spielberg","genre":["Adventure"," Drama"," Family"," Fantasy"," Sci-Fi"],"imdb_score":7.9,"name":"E.T. : The Extra-Terrestrial"},{"_id":{"$oid":"5cbf35b84af12ce16d62216b"},"99popularity":66.0,"director":"D.W. Griffith","genre":["Short"," Action"," Western"],"imdb_score":6.6,"name":"The Battle at Elderbush Gulch"},{"_id":{"$oid":"5cbf35b84af12ce16d62216c"},"99popularity":90.0,"director":"Sergio Leone","genre":["Adventure"," Western"],"imdb_score":9.0,"name":"Il buono, il brutto, il cattivo."},{"_id":{"$oid":"5cbf35b84af12ce16d62216d"},"99popularity":84.0,"director":"Elia Kazan","genre":["Crime"," Drama"," Romance"],"imdb_score":8.4,"name":"On the Waterfront"},{"_id":{"$oid":"5cbf35b84af12ce16d62216e"},"99popularity":84.0,"director":"Stanley Donen","genre":["Comedy"," Musical"," Romance"],"imdb_score":8.4,"name":"Singin in the Rain"},{"_id":{"$oid":"5cbf35b84af12ce16d62216f"},"99popularity":84.0,"director":"Clyde Bruckman","genre":["Comedy"," Romance"," War"," Action"],"imdb_score":8.4,"name":"The General"},{"_id":{"$oid":"5cbf35b84af12ce16d622170"},"99popularity":78.0,"director":"Ivan Reitman","genre":["Adventure"," Fantasy"," Mystery"],"imdb_score":7.8,"name":"Ghost Busters"},{"_id":{"$oid":"5cbf35b84af12ce16d622171"},"99popularity":71.0,"director":"W.S. Van Dyke","genre":["Action"," Adventure"," Romance"],"imdb_score":7.1,"name":"Tarzan the Ape Man"},{"_id":{"$oid":"5cbf35b84af12ce16d622172"},"99popularity":95.0,"director":"John Brahm","genre":["Drama"," Fantasy"," Mystery"," Sci-Fi"," Thriller"],"imdb_score":9.5,"name":"The Twilight Zone"},{"_id":{"$oid":"5cbf35b84af12ce16d622173"},"99popularity":60.0,"director":"L. Frank Baum","genre":["Family"," Fantasy"," Adventure"," Comedy"],"imdb_score":6.0,"name":"His Majesty, the Scarecrow of Oz"},{"_id":{"$oid":"5cbf35b84af12ce16d622174"},"99popularity":75.0,"director":"Edwin S. Porter","genre":["Short"," Western"],"imdb_score":7.5,"name":"The Great Train Robbery"},{"_id":{"$oid":"5cbf35b84af12ce16d622175"},"99popularity":79.0,"director":"Guy Hamilton","genre":["Action"," Adventure"," Thriller"],"imdb_score":7.9,"name":"Goldfinger"},{"_id":{"$oid":"5cbf35b84af12ce16d622176"},"99popularity":81.0,"director":"Federico Fellini","genre":["Comedy"," Drama"],"imdb_score":8.1,"name":"La dolce vita"},{"_id":{"$oid":"5cbf35b84af12ce16d622177"},"99popularity":85.0,"director":"Ridley Scott","genre":["Adventure"," Horror"," Sci-Fi"," Thriller"],"imdb_score":8.5,"name":"Alien"},{"_id":{"$oid":"5cbf35b84af12ce16d622178"},"99popularity":81.0,"director":"F.W. Murnau","genre":["Fantasy"," Horror"],"imdb_score":8.1,"name":"Nosferatu, eine Symphonie des Grauens"},{"_id":{"$oid":"5cbf35b84af12ce16d622179"},"99popularity":82.0,"director":"Brian De Palma","genre":["Crime"," Drama"," Thriller"],"imdb_score":8.2,"name":"Scarface"},{"_id":{"$oid":"5cbf35b84af12ce16d62217a"},"99popularity":81.0,"director":"John G. Avildsen","genre":["Drama"," Romance"," Sport"],"imdb_score":8.1,"name":"Rocky"},{"_id":{"$oid":"5cbf35b84af12ce16d62217b"},"99popularity":86.0,"director":"Stanley Kubrick","genre":["Comedy"," Drama"],"imdb_score":8.6,"name":"Dr. Strangelove or : How I Learned to Stop Worrying and Love the Bomb"},{"_id":{"$oid":"5cbf35b84af12ce16d62217c"},"99popularity":85.0,"director":"Stanley Kubrick","genre":["Horror"," Mystery"],"imdb_score":8.5,"name":"The Shining"},{"_id":{"$oid":"5cbf35b84af12ce16d62217d"},"99popularity":80.0,"director":"Luis Bu1uel","genre":["Short"," Fantasy"],"imdb_score":8.0,"name":"Un chien andalou"},{"_id":{"$oid":"5cbf35b84af12ce16d62217e"},"99popularity":77.0,"director":"Tod Browning","genre":["Fantasy"," Horror"],"imdb_score":7.7,"name":"Dracula"},{"_id":{"$oid":"5cbf35b84af12ce16d62217f"},"99popularity":90.0,"director":"Mark Kirkland","genre":["Animation"," Comedy"],"imdb_score":9.0,"name":"The Simpsons"},{"_id":{"$oid":"5cbf35b84af12ce16d622180"},"99popularity":75.0,"director":"Ted Kotcheff","genre":["Action"," Adventure"," Drama"," Thriller"],"imdb_score":7.5,"name":"First Blood"},{"_id":{"$oid":"5cbf35b84af12ce16d622181"},"99popularity":80.0,"director":"Joseph Barbera","genre":["Animation"," Family"," Comedy"],"imdb_score":8.0,"name":"The Flintstones"},{"_id":{"$oid":"5cbf35b84af12ce16d622182"},"99popularity":84.0,"director":"Robert Zemeckis","genre":["Adventure"," Family"," Sci-Fi"],"imdb_score":8.4,"name":"Back to the Future"},{"_id":{"$oid":"5cbf35b84af12ce16d622183"},"99popularity":70.0,"director":"John Ford","genre":["Adventure"," War"],"imdb_score":7.0,"name":"The Lost Patrol"},{"_id":{"$oid":"5cbf35b84af12ce16d622184"},"99popularity":81.0,"director":"Mervyn LeRoy","genre":["Crime"," Drama"," Film-Noir"],"imdb_score":8.1,"name":"I Am a Fugitive from a Chain Gang"},{"_id":{"$oid":"5cbf35b84af12ce16d622185"},"99popularity":79.0,"director":"John Boorman","genre":["Adventure"," Drama"," Thriller"],"imdb_score":7.9,"name":"Deliverance"},{"_id":{"$oid":"5cbf35b84af12ce16d622186"},"99popularity":77.0,"director":"Oscar Rudolph","genre":["Action"," Adventure"," Comedy"," Crime"," Family"," Fantasy"," Mystery"," Sci-Fi"],"imdb_score":7.7,"name":"Batman"},{"_id":{"$oid":"5cbf35b84af12ce16d622187"},"99popularity":84.0,"director":"Alfred Hitchcock","genre":["Mystery"," Romance"," Thriller"],"imdb_score":8.4,"name":"Rebecca"},{"_id":{"$oid":"5cbf35b84af12ce16d622188"},"99popularity":80.0,"director":"Edward F. Cline","genre":["Comedy"," Short"," Family"],"imdb_score":8.0,"name":"The Scarecrow"},{"_id":{"$oid":"5cbf35b84af12ce16d622189"},"99popularity":75.0,"director":"Tobe Hooper","genre":["Horror"," Mystery"," Thriller"],"imdb_score":7.5,"name":"The Texas Chain Saw Massacre"},{"_id":{"$oid":"5cbf35b84af12ce16d62218a"},"99popularity":84.0,"director":"David Lean","genre":["Adventure"," Drama"," War"],"imdb_score":8.4,"name":"The Bridge on the River Kwai"},{"_id":{"$oid":"5cbf35b84af12ce16d62218b"},"99popularity":79.0,"director":"George Cukor","genre":["Drama"," Family"," Musical"," Romance"],"imdb_score":7.9,"name":"My Fair Lady"},{"_id":{"$oid":"5cbf35b84af12ce16d62218c"},"99popularity":75.0,"director":"Samuel Armstrong","genre":["Animation"," Family"," Musical"],"imdb_score":7.5,"name":"Dumbo"},{"_id":{"$oid":"5cbf35b84af12ce16d62218d"},"99popularity":71.0,"director":"Steven Soderbergh","genre":["Drama"],"imdb_score":7.1,"name":"Sex, Lies, and Videotape"},{"_id":{"$oid":"5cbf35b84af12ce16d62218e"},"99popularity":79.0,"director":"Alfred Hitchcock","genre":["Horror"," Romance"," Thriller"],"imdb_score":7.9,"name":"The Birds"},{"_id":{"$oid":"5cbf35b84af12ce16d62218f"},"99popularity":72.0,"director":"James W. Horne","genre":["Comedy"," Drama"," Sport"],"imdb_score":7.2,"name":"College"},{"_id":{"$oid":"5cbf35b84af12ce16d622190"},"99popularity":79.0,"director":"Don Siegel","genre":["Action"," Crime"," Thriller"],"imdb_score":7.9,"name":"Dirty Harry"},{"_id":{"$oid":"5cbf35b84af12ce16d622191"},"99popularity":74.0,"director":"James Cameron","genre":["Drama"," History"," Romance"],"imdb_score":7.4,"name":"Titanic"},{"_id":{"$oid":"5cbf35b84af12ce16d622192"},"99popularity":90.0,"director":"Quentin Tarantino","genre":["Crime"," Drama"],"imdb_score":9.0,"name":"Pulp Fiction"},{"_id":{"$oid":"5cbf35b84af12ce16d622193"},"99popularity":82.0,"director":"William Wyler","genre":["Action"," Adventure"," Drama"," History"," Romance"],"imdb_score":8.2,"name":"Ben-Hur"},{"_id":{"$oid":"5cbf35b84af12ce16d622194"},"99popularity":87.0,"director":"Alfred Hitchcock","genre":["Crime"," Mystery"," Romance"," Thriller"],"imdb_score":8.7,"name":"Rear Window"},{"_id":{"$oid":"5cbf35b84af12ce16d622195"},"99popularity":85.0,"director":"James Cameron","genre":["Action"," Sci-Fi"," Thriller"],"imdb_score":8.5,"name":"Aliens"},{"_id":{"$oid":"5cbf35b84af12ce16d622196"},"99popularity":87.0,"director":"Frank Capra","genre":["Drama"," Fantasy"," Romance"],"imdb_score":8.7,"name":"Its a Wonderful Life"},{"_id":{"$oid":"5cbf35b84af12ce16d622197"},"99popularity":70.0,"director":"John Cromwell","genre":["Drama"," Mystery"," Romance"],"imdb_score":7.0,"name":"Algiers"},{"_id":{"$oid":"5cbf35b84af12ce16d622198"},"99popularity":81.0,"director":"Erich von Stroheim","genre":["Drama"],"imdb_score":8.1,"name":"Greed"},{"_id":{"$oid":"5cbf35b84af12ce16d622199"},"99popularity":90.0,"director":"Kim Manners","genre":["Drama"," Mystery"," Sci-Fi"," Thriller"],"imdb_score":9.0,"name":"The X Files"},{"_id":{"$oid":"5cbf35b84af12ce16d62219a"},"99popularity":60.0,"director":"Joseph C. Terry","genre":["Talk-Show"],"imdb_score":6.0,"name":"The Oprah Winfrey Show"},{"_id":{"$oid":"5cbf35b84af12ce16d62219b"},"99popularity":85.0,"director":"James Cameron","genre":["Action"," Sci-Fi"," Thriller"],"imdb_score":8.5,"name":"Terminator 2 : Judgment Day"},{"_id":{"$oid":"5cbf35b84af12ce16d62219c"},"99popularity":55.0,"director":"Henry Lehrman","genre":["Comedy"," Short"],"imdb_score":5.5,"name":"The Bangville Police"},{"_id":{"$oid":"5cbf35b84af12ce16d62219d"},"99popularity":82.0,"director":"Mike Nichols","genre":["Comedy"," Drama"," Romance"],"imdb_score":8.2,"name":"The Graduate"},{"_id":{"$oid":"5cbf35b84af12ce16d62219e"},"99popularity":87.0,"director":"Andy Wachowski","genre":["Action"," Adventure"," Sci-Fi"],"imdb_score":8.7,"name":"The Matrix"},{"_id":{"$oid":"5cbf35b84af12ce16d62219f"},"99popularity":70.0,"director":"Oscar Rudolph","genre":["Comedy"," Family"],"imdb_score":7.0,"name":"The Brady Bunch"},{"_id":{"$oid":"5cbf35b84af12ce16d6221a0"},"99popularity":85.0,"director":"David Lean","genre":["Adventure"," Biography"," Drama"," History"," War"],"imdb_score":8.5,"name":"Lawrence of Arabia"},{"_id":{"$oid":"5cbf35b84af12ce16d6221a1"},"99popularity":79.0,"director":"Charles Chaplin","genre":["Comedy"," Family"," Drama"," Romance"],"imdb_score":7.9,"name":"The Circus"},{"_id":{"$oid":"5cbf35b84af12ce16d6221a2"},"99popularity":74.0,"director":"Wes Craven","genre":["Horror"," Mystery"],"imdb_score":7.4,"name":"A Nightmare on Elm Street"},{"_id":{"$oid":"5cbf35b84af12ce16d6221a3"},"99popularity":79.0,"director":"Robert Wise","genre":["Biography"," Drama"," Family"," Musical"],"imdb_score":7.9,"name":"The Sound of Music"},{"_id":{"$oid":"5cbf35b84af12ce16d6221a4"},"99popularity":78.0,"director":"George Schaefer","genre":["Comedy"," Drama"],"imdb_score":7.8,"name":"Pygmalion"},{"_id":{"$oid":"5cbf35b84af12ce16d6221a5"},"99popularity":86.0,"director":"Alfred Hitchcock","genre":["Adventure"," Drama"," Mystery"," Romance"," Thriller"],"imdb_score":8.6,"name":"North by Northwest"},{"_id":{"$oid":"5cbf35b84af12ce16d6221a6"},"99popularity":87.0,"director":"Jonathan Demme","genre":["Crime"," Thriller"],"imdb_score":8.7,"name":"The Silence of the Lambs"},{"_id":{"$oid":"5cbf35b84af12ce16d6221a7"},"99popularity":78.0,"director":"Jack Arnold","genre":["Comedy"," Family"],"imdb_score":7.8,"name":"Gilligans Island"},{"_id":{"$oid":"5cbf35b84af12ce16d6221a8"},"99popularity":76.0,"director":"James Algar","genre":["Animation"," Drama"," Family"],"imdb_score":7.6,"name":"Bambi"},{"_id":{"$oid":"5cbf35b84af12ce16d6221a9"},"99popularity":90.0,"director":"William Asher","genre":["Comedy"," Family"],"imdb_score":9.0,"name":"I Love Lucy"},{"_id":{"$oid":"5cbf35b84af12ce16d6221aa"},"99popularity":78.0,"director":"Jerome Robbins","genre":["Crime"," Drama"," Musical"," Romance"],"imdb_score":7.8,"name":"West Side Story"},{"_id":{"$oid":"5cbf35b84af12ce16d6221ab"},"99popularity":74.0,"director":"Karl Freund","genre":["Romance"," Horror"],"imdb_score":7.4,"name":"Mad Love"},{"_id":{"$oid":"5cbf35b84af12ce16d6221ac"},"99popularity":83.0,"director":"Ridley Scott","genre":["Drama"," Sci-Fi"," Thriller"],"imdb_score":8.3,"name":"Blade Runner"},{"_id":{"$oid":"5cbf35b84af12ce16d6221ad"},"99popularity":79.0,"director":"John Carpenter","genre":["Horror"," Thriller"],"imdb_score":7.9,"name":"Halloween"},{"_id":{"$oid":"5cbf35b84af12ce16d6221ae"},"99popularity":77.0,"director":"Robert Stevenson","genre":["Comedy"," Family"," Fantasy"," Musical"],"imdb_score":7.7,"name":"Mary Poppins"},{"_id":{"$oid":"5cbf35b84af12ce16d6221af"},"99popularity":83.0,"director":"Richard Marquand","genre":["Action"," Adventure"," Fantasy"," Sci-Fi"],"imdb_score":8.3,"name":"Star Wars : Episode VI - Return of the Jedi"},{"_id":{"$oid":"5cbf35b84af12ce16d6221b0"},"99popularity":88.0,"director":"Akira Kurosawa","genre":["Adventure"," Drama"],"imdb_score":8.8,"name":"Shichinin no samurai"},{"_id":{"$oid":"5cbf35b84af12ce16d6221b1"},"99popularity":78.0,"director":"Steven Spielberg","genre":["Drama"," Sci-Fi"],"imdb_score":7.8,"name":"Close Encounters of the Third Kind"},{"_id":{"$oid":"5cbf35b84af12ce16d6221b2"},"99popularity":79.0,"director":"Fred Zinnemann","genre":["Drama"," Romance"," War"],"imdb_score":7.9,"name":"From Here to Eternity"},{"_id":{"$oid":"5cbf35b84af12ce16d6221b3"},"99popularity":80.0,"director":"James Whale","genre":["Horror"," Sci-Fi"],"imdb_score":8.0,"name":"Bride of Frankenstein"},{"_id":{"$oid":"5cbf35b84af12ce16d6221b4"},"99popularity":60.0,"director":"Phil Karlson","genre":["Drama"," Crime"," Film-Noir"],"imdb_score":6.0,"name":"5 Against the House"},{"_id":{"$oid":"5cbf35b84af12ce16d6221b5"},"99popularity":85.0,"director":"John Huston","genre":["Adventure"," Drama"," Western"," Action"],"imdb_score":8.5,"name":"The Treasure of the Sierra Madre"},{"_id":{"$oid":"5cbf35b84af12ce16d6221b6"},"99popularity":47.0,"director":"D.W. Griffith","genre":["Short"," Drama"],"imdb_score":4.7,"name":"His Trust Fulfilled"},{"_id":{"$oid":"5cbf35b84af12ce16d6221b7"},"99popularity":53.0,"director":"D.W. Griffith","genre":["Short"," Drama"," War"],"imdb_score":5.3,"name":"His Trust"},{"_id":{"$oid":"5cbf35b84af12ce16d6221b8"},"99popularity":73.0,"director":"Ishirccab Honda","genre":["Drama"," Horror"," Sci-Fi"," Thriller"],"imdb_score":7.3,"name":"Gojira"},{"_id":{"$oid":"5cbf35b84af12ce16d6221b9"},"99popularity":71.0,"director":"Winsor McCay","genre":["Animation"," Short"],"imdb_score":7.1,"name":"Dreams of the Rarebit Fiend : The Pet"},{"_id":{"$oid":"5cbf35b84af12ce16d6221ba"},"99popularity":80.0,"director":"Stanley Kubrick","genre":["Action"," Adventure"," Biography"," Drama"," History"],"imdb_score":8.0,"name":"Spartacus"},{"_id":{"$oid":"5cbf35b84af12ce16d6221bb"},"99popularity":72.0,"director":"Frank Lloyd","genre":["Adventure"," Drama"," Romance"],"imdb_score":7.2,"name":"The Sea Hawk"},{"_id":{"$oid":"5cbf35b84af12ce16d6221bc"},"99popularity":80.0,"director":"Franklin J. Schaffner","genre":["Adventure"," Mystery"," Sci-Fi"],"imdb_score":8.0,"name":"Planet of the Apes"},{"_id":{"$oid":"5cbf35b84af12ce16d6221bd"},"99popularity":84.0,"director":"John Huston","genre":["Crime"," Film-Noir"," Mystery"],"imdb_score":8.4,"name":"The Maltese Falcon"},{"_id":{"$oid":"5cbf35b84af12ce16d6221be"},"99popularity":79.0,"director":"Akira Kurosawa","genre":["Drama"," History"," War"],"imdb_score":7.9,"name":"Kagemusha"},{"_id":{"$oid":"5cbf35b84af12ce16d6221bf"},"99popularity":74.0,"director":"Leo McCarey","genre":["Drama"," Family"],"imdb_score":7.4,"name":"The Bells of St. Marys"},{"_id":{"$oid":"5cbf35b84af12ce16d6221c0"},"99popularity":77.0,"director":"Steven Spielberg","genre":["Mystery"," Thriller"],"imdb_score":7.7,"name":"Duel"},{"_id":{"$oid":"5cbf35b84af12ce16d6221c1"},"99popularity":78.0,"director":"Sergei M. Eisenstein","genre":["Drama"],"imdb_score":7.8,"name":"Stachka"},{"_id":{"$oid":"5cbf35b84af12ce16d6221c2"},"99popularity":71.0,"director":"Fred Zinnemann","genre":["Musical"," Romance"," Western"],"imdb_score":7.1,"name":"Oklahoma!"},{"_id":{"$oid":"5cbf35b84af12ce16d6221c3"},"99popularity":59.0,"director":"Gordon Douglas","genre":["Action"," Adventure"," Comedy"," Sci-Fi"],"imdb_score":5.9,"name":"In Like Flint"},{"_id":{"$oid":"5cbf35b84af12ce16d6221c4"},"99popularity":74.0,"director":"Carl Boese","genre":["Fantasy"," Horror"],"imdb_score":7.4,"name":"Der Golem, wie er in die Welt kam"},{"_id":{"$oid":"5cbf35b84af12ce16d6221c5"},"99popularity":74.0,"director":"Maya Deren","genre":["Short"],"imdb_score":7.4,"name":"At Land"},{"_id":{"$oid":"5cbf35b84af12ce16d6221c6"},"99popularity":79.0,"director":"Steven Spielberg","genre":["Action"," Adventure"," Family"," Sci-Fi"],"imdb_score":7.9,"name":"Jurassic Park"},{"_id":{"$oid":"5cbf35b84af12ce16d6221c7"},"99popularity":82.0,"director":"Lewis Milestone","genre":["Action"," Drama"," History"," War"],"imdb_score":8.2,"name":"All Quiet on the Western Front"},{"_id":{"$oid":"5cbf35b84af12ce16d6221c8"},"99popularity":79.0,"director":"John Ford","genre":["Action"," Drama"," Romance"," Western"],"imdb_score":7.9,"name":"Stagecoach"},{"_id":{"$oid":"5cbf35b84af12ce16d6221c9"},"99popularity":68.0,"director":"John Badham","genre":["Drama"," Music"," Romance"],"imdb_score":6.8,"name":"Saturday Night Fever"},{"_id":{"$oid":"5cbf35b84af12ce16d6221ca"},"99popularity":81.0,"director":"George Cukor","genre":["Comedy"," Romance"],"imdb_score":8.1,"name":"The Philadelphia Story"},{"_id":{"$oid":"5cbf35b84af12ce16d6221cb"},"99popularity":82.0,"director":"Federico Fellini","genre":["Drama"," Fantasy"],"imdb_score":8.2,"name":"8xe5"},{"_id":{"$oid":"5cbf35b84af12ce16d6221cc"},"99popularity":86.0,"director":"Douglas Camfield","genre":["Adventure"," Drama"," Sci-Fi"],"imdb_score":8.6,"name":"Doctor Who"},{"_id":{"$oid":"5cbf35b84af12ce16d6221cd"},"99popularity":86.0,"director":"Fritz Lang","genre":["Crime"," Thriller"],"imdb_score":8.6,"name":"M"},{"_id":{"$oid":"5cbf35b84af12ce16d6221ce"},"99popularity":74.0,"director":"John Huston","genre":["Adventure"," Drama"],"imdb_score":7.4,"name":"Moby Dick"},{"_id":{"$oid":"5cbf35b84af12ce16d6221cf"},"99popularity":86.0,"director":"Stanley Kubrick","genre":["Crime"," Drama"," War"],"imdb_score":8.6,"name":"Paths of Glory"},{"_id":{"$oid":"5cbf35b84af12ce16d6221d0"},"99popularity":74.0,"director":"Brian De Palma","genre":["Horror"," Thriller"],"imdb_score":7.4,"name":"Carrie"},{"_id":{"$oid":"5cbf35b84af12ce16d6221d1"},"99popularity":77.0,"director":"Jerry Paris","genre":["Comedy"," Family"," Music"],"imdb_score":7.7,"name":"Happy Days"},{"_id":{"$oid":"5cbf35b84af12ce16d6221d2"},"99popularity":79.0,"director":"Nicholas Ray","genre":["Drama"," Romance"],"imdb_score":7.9,"name":"Rebel Without a Cause"},{"_id":{"$oid":"5cbf35b84af12ce16d6221d3"},"99popularity":73.0,"director":"Richard Donner","genre":["Action"," Adventure"," Family"," Sci-Fi"],"imdb_score":7.3,"name":"Superman"},{"_id":{"$oid":"5cbf35b84af12ce16d6221d4"},"99popularity":88.0,"director":"Peter Harris","genre":["Comedy"," Family"," Music"],"imdb_score":8.8,"name":"The Muppet Show"},{"_id":{"$oid":"5cbf35b84af12ce16d6221d5"},"99popularity":81.0,"director":"Joseph Barbera","genre":["Animation"," Family"," Mystery"," Comedy"," Adventure"],"imdb_score":8.1,"name":"Scooby Doo, Where Are You!"},{"_id":{"$oid":"5cbf35b84af12ce16d6221d6"},"99popularity":71.0,"director":"Joy Batchelor","genre":["Animation"," Drama"],"imdb_score":7.1,"name":"Animal Farm"},{"_id":{"$oid":"5cbf35b84af12ce16d6221d7"},"99popularity":77.0,"director":"Norman Ferguson","genre":["Animation"," Drama"," Family"," Fantasy"," Music"],"imdb_score":7.7,"name":"Pinocchio"},{"_id":{"$oid":"5cbf35b84af12ce16d6221d8"},"99popularity":78.0,"director":"George Stevens","genre":["Drama"," Western"],"imdb_score":7.8,"name":"Shane"},{"_id":{"$oid":"5cbf35b84af12ce16d6221d9"},"99popularity":48.0,"director":"Ray Enright","genre":["Comedy"," Music"," Romance"," Sport"],"imdb_score":4.8,"name":"Swing Your Lady"},{"_id":{"$oid":"5cbf35b84af12ce16d6221da"},"99popularity":86.0,"director":"Kevin McCarthy","genre":["Game-Show"],"imdb_score":8.6,"name":"Jeopardy!"},{"_id":{"$oid":"5cbf35b84af12ce16d6221db"},"99popularity":75.0,"director":"Arthur Lipsett","genre":["Short"],"imdb_score":7.5,"name":"21-87"},{"_id":{"$oid":"5cbf35b84af12ce16d6221dc"},"99popularity":69.0,"director":"John G. Avildsen","genre":["Drama"," Family"," Sport"],"imdb_score":6.9,"name":"The Karate Kid"},{"_id":{"$oid":"5cbf35b84af12ce16d6221dd"},"99popularity":82.0,"director":"Norman Tokar","genre":["Comedy"," Family"],"imdb_score":8.2,"name":"Leave It to Beaver"},{"_id":{"$oid":"5cbf35b84af12ce16d6221de"},"99popularity":89.0,"director":"Milos Forman","genre":["Drama"],"imdb_score":8.9,"name":"One Flew Over the Cuckoos Nest"},{"_id":{"$oid":"5cbf35b84af12ce16d6221df"},"99popularity":80.0,"director":"Arthur Penn","genre":["Biography"," Crime"," Drama"," Romance"],"imdb_score":8.0,"name":"Bonnie and Clyde"},{"_id":{"$oid":"5cbf35b84af12ce16d6221e0"},"99popularity":81.0,"director":"Dave Wilson","genre":["Comedy"," Music"],"imdb_score":8.1,"name":"Saturday Night Live"},{"_id":{"$oid":"5cbf35b84af12ce16d6221e1"},"99popularity":88.0,"director":"Sergio Leone","genre":["Western"],"imdb_score":8.8,"name":"Cera una volta il West"},{"_id":{"$oid":"5cbf35b84af12ce16d6221e2"},"99popularity":75.0,"director":"Walt Disney","genre":["Animation"," Family"," Comedy"," Short"],"imdb_score":7.5,"name":"Plane Crazy"},{"_id":{"$oid":"5cbf35b84af12ce16d6221e3"},"99popularity":64.0,"director":"Rob Klug","genre":["Documentary"," News"],"imdb_score":6.4,"name":"60 Minutes"},{"_id":{"$oid":"5cbf35b84af12ce16d6221e4"},"99popularity":77.0,"director":"Stanley Kubrick","genre":["Drama"," Romance"],"imdb_score":7.7,"name":"Lolita"},{"_id":{"$oid":"5cbf35b84af12ce16d6221e5"},"99popularity":83.0,"director":"John McTiernan","genre":["Action"," Crime"," Thriller"],"imdb_score":8.3,"name":"Die Hard"},{"_id":{"$oid":"5cbf35b84af12ce16d6221e6"},"99popularity":82.0,"director":"Roger Allers","genre":["Animation"," Adventure"," Drama"," Family"," Musical"],"imdb_score":8.2,"name":"The Lion King"},{"_id":{"$oid":"5cbf35b84af12ce16d6221e7"},"99popularity":73.0,"director":"Dennis Hopper","genre":["Crime"," Drama"],"imdb_score":7.3,"name":"Easy Rider"},{"_id":{"$oid":"5cbf35b84af12ce16d6221e8"},"99popularity":82.0,"director":"Otto Preminger","genre":["Crime"," Film-Noir"," Mystery"," Romance"," Thriller"],"imdb_score":8.2,"name":"Laura"},{"_id":{"$oid":"5cbf35b84af12ce16d6221e9"},"99popularity":80.0,"director":"Don Siegel","genre":["Horror"," Sci-Fi"," Thriller"],"imdb_score":8.0,"name":"Invasion of the Body Snatchers"},{"_id":{"$oid":"5cbf35b84af12ce16d6221ea"},"99popularity":84.0,"director":"F.W. Murnau","genre":["Drama"," Romance"],"imdb_score":8.4,"name":"Sunrise : A Song of Two Humans"},{"_id":{"$oid":"5cbf35b84af12ce16d6221eb"},"99popularity":83.0,"director":"Bobby Quinn","genre":["Comedy"," Music"," Talk-Show"],"imdb_score":8.3,"name":"The Tonight Show Starring Johnny Carson"},{"_id":{"$oid":"5cbf35b84af12ce16d6221ec"},"99popularity":66.0,"director":"Tony Scott","genre":["Action"," Drama"," Romance"],"imdb_score":6.6,"name":"Top Gun"},{"_id":{"$oid":"5cbf35b84af12ce16d6221ed"},"99popularity":68.0,"director":"Walter Grauman","genre":["Drama"," Thriller"],"imdb_score":6.8,"name":"Lady in a Cage"},{"_id":{"$oid":"5cbf35b84af12ce16d6221ee"},"99popularity":76.0,"director":"Sam Raimi","genre":["Horror"],"imdb_score":7.6,"name":"The Evil Dead"},{"_id":{"$oid":"5cbf35b84af12ce16d6221ef"},"99popularity":69.0,"director":"Lewis Gilbert","genre":["Action"," Adventure"," Sci-Fi"," Thriller"],"imdb_score":6.9,"name":"You Only Live Twice"},{"_id":{"$oid":"5cbf35b84af12ce16d6221f0"},"99popularity":75.0,"director":"Terence Young","genre":["Action"," Adventure"," Romance"," Thriller"],"imdb_score":7.5,"name":"From Russia with Love"},{"_id":{"$oid":"5cbf35b84af12ce16d6221f1"},"99popularity":78.0,"director":"Alain Resnais","genre":["Drama"," Mystery"," Romance"],"imdb_score":7.8,"name":"Lanncca9e derniccacre ccca Marienbad"},{"_id":{"$oid":"5cbf35b84af12ce16d6221f2"},"99popularity":81.0,"director":"Hollingsworth Morse","genre":["Adventure"," Western"," Family"],"imdb_score":8.1,"name":"The Lone Ranger"},{"_id":{"$oid":"5cbf35b84af12ce16d6221f3"},"99popularity":52.0,"director":"Gerard Damiano","genre":["Adult"," Comedy"],"imdb_score":5.2,"name":"Deep Throat"},{"_id":{"$oid":"5cbf35b84af12ce16d6221f4"},"99popularity":77.0,"director":"Josef von Sternberg","genre":["Crime"," Drama"],"imdb_score":7.7,"name":"Underworld"},{"_id":{"$oid":"5cbf35b84af12ce16d6221f5"},"99popularity":76.0,"director":"Samuel Fuller","genre":["Drama"," Mystery"],"imdb_score":7.6,"name":"Shock Corridor"},{"_id":{"$oid":"5cbf35b84af12ce16d6221f6"},"99popularity":76.0,"director":"Robert Clouse","genre":["Action"," Crime"," Drama"," Thriller"],"imdb_score":7.6,"name":"Enter the Dragon"},{"_id":{"$oid":"5cbf35b84af12ce16d6221f7"},"99popularity":73.0,"director":"John Ford","genre":["Western"],"imdb_score":7.3,"name":"She Wore a Yellow Ribbon"},{"_id":{"$oid":"5cbf35b84af12ce16d6221f8"},"99popularity":78.0,"director":"John Sturges","genre":["Western"," Adventure"," Drama"],"imdb_score":7.8,"name":"The Magnificent Seven"},{"_id":{"$oid":"5cbf35b84af12ce16d6221f9"},"99popularity":67.0,"director":"Edouard Molinaro","genre":["Drama"," Thriller"],"imdb_score":6.7,"name":"Un dans la ville"},{"_id":{"$oid":"5cbf35b84af12ce16d6221fa"},"99popularity":76.0,"director":"Tim Burton","genre":["Crime"," Drama"," Thriller"],"imdb_score":7.6,"name":"Batman"},{"_id":{"$oid":"5cbf35b84af12ce16d6221fb"},"99popularity":55.0,"director":"Lee Sholem","genre":["Action"," Adventure"," Fantasy"," Romance"],"imdb_score":5.5,"name":"Tarzans Magic Fountain"},{"_id":{"$oid":"5cbf35b84af12ce16d6221fc"},"99popularity":74.0,"director":"Clyde Geronimi","genre":["Animation"," Family"," Fantasy"," Musical"," Romance"],"imdb_score":7.4,"name":"Cinderella"},{"_id":{"$oid":"5cbf35b84af12ce16d6221fd"},"99popularity":77.0,"director":"Leni Riefenstahl","genre":["Documentary"," War"],"imdb_score":7.7,"name":"Triumph des Willens"},{"_id":{"$oid":"5cbf35b84af12ce16d6221fe"},"99popularity":70.0,"director":"Randal Kleiser","genre":["Musical"," Romance"],"imdb_score":7.0,"name":"Grease"},{"_id":{"$oid":"5cbf35b84af12ce16d6221ff"},"99popularity":83.0,"director":"Fred Zinnemann","genre":["Drama"," Western"],"imdb_score":8.3,"name":"High Noon"},{"_id":{"$oid":"5cbf35b84af12ce16d622200"},"99popularity":84.0,"director":"Quentin Tarantino","genre":["Crime"," Mystery"," Thriller"],"imdb_score":8.4,"name":"Reservoir Dogs"},{"_id":{"$oid":"5cbf35b84af12ce16d622201"},"99popularity":84.0,"director":"Frank Capra","genre":["Drama"],"imdb_score":8.4,"name":"Mr. Smith Goes to Washington"},{"_id":{"$oid":"5cbf35b84af12ce16d622202"},"99popularity":78.0,"director":"George Stevens","genre":["Drama"," Romance"],"imdb_score":7.8,"name":"A Place in the Sun"},{"_id":{"$oid":"5cbf35b84af12ce16d622203"},"99popularity":81.0,"director":"D.W. Griffith","genre":["Drama"," History"," Romance"],"imdb_score":8.1,"name":"Intolerance : Loves Struggle Throughout the Ages"},{"_id":{"$oid":"5cbf35b84af12ce16d622204"},"99popularity":85.0,"director":"Carol Reed","genre":["Film-Noir"," Mystery"," Thriller"],"imdb_score":8.5,"name":"The Third Man"},{"_id":{"$oid":"5cbf35b84af12ce16d622205"},"99popularity":83.0,"director":"Charles Chaplin","genre":["Adventure"," Comedy"," Family"," Romance"," Western"],"imdb_score":8.3,"name":"The Gold Rush"},{"_id":{"$oid":"5cbf35b84af12ce16d622206"},"99popularity":63.0,"director":"Sean S. Cunningham","genre":["Horror"," Mystery"," Thriller"],"imdb_score":6.3,"name":"Friday the 13th"},{"_id":{"$oid":"5cbf35b84af12ce16d622207"},"99popularity":83.0,"director":"John Sturges","genre":["Adventure"," Drama"," History"," War"],"imdb_score":8.3,"name":"The Great Escape"},{"_id":{"$oid":"5cbf35b84af12ce16d622208"},"99popularity":79.0,"director":"John Ford","genre":["Drama"," Western"],"imdb_score":7.9,"name":"My Darling Clementine"},{"_id":{"$oid":"5cbf35b84af12ce16d622209"},"99popularity":87.0,"director":"Billy Wilder","genre":["Drama"," Film-Noir"],"imdb_score":8.7,"name":"Sunset Blvd."},{"_id":{"$oid":"5cbf35b84af12ce16d62220a"},"99popularity":70.0,"director":"Clint Eastwood","genre":["Crime"," Drama"," Romance"," Thriller"],"imdb_score":7.0,"name":"Play Misty for Me"},{"_id":{"$oid":"5cbf35b84af12ce16d62220b"},"99popularity":79.0,"director":"Cecil B. DeMille","genre":["Adventure"," Drama"," History"],"imdb_score":7.9,"name":"The Ten Commandments"},{"_id":{"$oid":"5cbf35b84af12ce16d62220c"},"99popularity":73.0,"director":"Bretaigne Windust","genre":["Drama"," Crime"," Film-Noir"],"imdb_score":7.3,"name":"The Enforcer"},{"_id":{"$oid":"5cbf35b84af12ce16d62220d"},"99popularity":73.0,"director":"Cameron Crowe","genre":["Comedy"," Drama"," Romance"," Sport"],"imdb_score":7.3,"name":"Jerry Maguire"},{"_id":{"$oid":"5cbf35b84af12ce16d62220e"},"99popularity":68.0,"director":"Richard Fleischer","genre":["Adventure"," Sci-Fi"],"imdb_score":6.8,"name":"Fantastic Voyage"},{"_id":{"$oid":"5cbf35b84af12ce16d62220f"},"99popularity":86.0,"director":"Robert Zemeckis","genre":["Drama"," Romance"],"imdb_score":8.6,"name":"Forrest Gump"},{"_id":{"$oid":"5cbf35b84af12ce16d622210"},"99popularity":86.0,"director":"Bob Sweeney","genre":["Comedy"," Family"],"imdb_score":8.6,"name":"The Andy Griffith Show"},{"_id":{"$oid":"5cbf35b84af12ce16d622211"},"99popularity":82.0,"director":"George Roy Hill","genre":["Adventure"," Crime"," Drama"," Western"],"imdb_score":8.2,"name":"Butch Cassidy and the Sundance Kid"},{"_id":{"$oid":"5cbf35b84af12ce16d622212"},"99popularity":84.0,"director":"Billy Wilder","genre":["Comedy"],"imdb_score":8.4,"name":"Some Like It Hot"},{"_id":{"$oid":"5cbf35b84af12ce16d622213"},"99popularity":79.0,"director":"John Landis","genre":["Action"," Comedy"," Music"," Musical"],"imdb_score":7.9,"name":"The Blues Brothers"},{"_id":{"$oid":"5cbf35b84af12ce16d622214"},"99popularity":51.0,"director":"Jack Arnold","genre":["Horror"," Sci-Fi"],"imdb_score":5.1,"name":"Revenge of the Creature"},{"_id":{"$oid":"5cbf35b84af12ce16d622215"},"99popularity":88.0,"director":"David Fincher","genre":["Drama"," Mystery"," Thriller"],"imdb_score":8.8,"name":"Fight Club"},{"_id":{"$oid":"5cbf35b84af12ce16d622216"},"99popularity":48.0,"director":"Bruce Gowers","genre":["Game-Show"," Music"," Reality-TV"],"imdb_score":4.8,"name":"American Idol : The Search for a Superstar"},{"_id":{"$oid":"5cbf35b84af12ce16d622217"},"99popularity":85.0,"director":"Roman Polanski","genre":["Drama"," Mystery"," Thriller"],"imdb_score":8.5,"name":"Chinatown"},{"_id":{"$oid":"5cbf35b84af12ce16d622218"},"99popularity":78.0,"director":"Luis el","genre":["Drama"," Romance"],"imdb_score":7.8,"name":"El"},{"_id":{"$oid":"5cbf35b84af12ce16d622219"},"99popularity":84.0,"director":"Stanley Kubrick","genre":["Drama"," War"],"imdb_score":8.4,"name":"Full Metal Jacket"},{"_id":{"$oid":"5cbf35b84af12ce16d62221a"},"99popularity":88.0,"director":"Peter Jackson","genre":["Action"," Adventure"," Fantasy"],"imdb_score":8.8,"name":"The Lord of the Rings : The Fellowship of the Ring"},{"_id":{"$oid":"5cbf35b84af12ce16d62221b"},"99popularity":81.0,"director":"Sam Peckinpah","genre":["Action"," Western"],"imdb_score":8.1,"name":"The Wild Bunch"},{"_id":{"$oid":"5cbf35b84af12ce16d62221c"},"99popularity":79.0,"director":"Frank Lloyd","genre":["Adventure"," Drama"," History"],"imdb_score":7.9,"name":"Mutiny on the Bounty"},{"_id":{"$oid":"5cbf35b84af12ce16d62221d"},"99popularity":80.0,"director":"Rob Reiner","genre":["Comedy"," Music"],"imdb_score":8.0,"name":"This Is Spinal Tap"},{"_id":{"$oid":"5cbf35b84af12ce16d62221e"},"99popularity":55.0,"director":"Stanley Kramer","genre":["Action"," Adventure"," Drama"," Romance"," War"],"imdb_score":5.5,"name":"The Pride and the Passion"},{"_id":{"$oid":"5cbf35b84af12ce16d62221f"},"99popularity":78.0,"director":"Anthony Mann","genre":["Western"],"imdb_score":7.8,"name":"Winchester 73"},{"_id":{"$oid":"5cbf35b84af12ce16d622220"},"99popularity":88.0,"director":"Cliff Bole","genre":["Action"," Adventure"," Sci-Fi"],"imdb_score":8.8,"name":"Star Trek : The Next Generation"},{"_id":{"$oid":"5cbf35b84af12ce16d622221"},"99popularity":64.0,"director":"Gerald Potterton","genre":["Animation"," Action"," Adventure"," Comedy"," Crime"," Fantasy"," Horror"," Sci-Fi"],"imdb_score":6.4,"name":"Heavy Metal"},{"_id":{"$oid":"5cbf35b84af12ce16d622222"},"99popularity":74.0,"director":"Yevgeni Bauer","genre":["Drama"," Short"],"imdb_score":7.4,"name":"Gryozy"},{"_id":{"$oid":"5cbf35b84af12ce16d622223"},"99popularity":49.0,"director":"Gregory J. Bonann","genre":["Drama"," Action"," Adventure"],"imdb_score":4.9,"name":"Baywatch"},{"_id":{"$oid":"5cbf35b84af12ce16d622224"},"99popularity":80.0,"director":"Robert Wise","genre":["Drama"," Sci-Fi"," Thriller"],"imdb_score":8.0,"name":"The Day the Earth Stood Still"},{"_id":{"$oid":"5cbf35b84af12ce16d622225"},"99popularity":73.0,"director":"Charles S. Dubin","genre":["Crime"," Drama"," Mystery"],"imdb_score":7.3,"name":"Kojak"},{"_id":{"$oid":"5cbf35b84af12ce16d622226"},"99popularity":71.0,"director":"Jim Sharman","genre":["Comedy"," Musical"],"imdb_score":7.1,"name":"The Rocky Horror Picture Show"},{"_id":{"$oid":"5cbf35b84af12ce16d622227"},"99popularity":78.0,"director":"William A. Wellman","genre":["Action"," Crime"," Drama"],"imdb_score":7.8,"name":"The Public Enemy"},{"_id":{"$oid":"5cbf35b84af12ce16d622228"},"99popularity":77.0,"director":"Burt Gillett","genre":["Animation"," Musical"," Family"," Comedy"," Short"],"imdb_score":7.7,"name":"Three Little Pigs"},{"_id":{"$oid":"5cbf35b84af12ce16d622229"},"99popularity":80.0,"director":"Barry Levinson","genre":["Drama"],"imdb_score":8.0,"name":"Rain Man"},{"_id":{"$oid":"5cbf35b84af12ce16d62222a"},"99popularity":74.0,"director":"William F. Claxton","genre":["Action"," Comedy"," Drama"," Romance"," War"," Western"],"imdb_score":7.4,"name":"Bonanza"},{"_id":{"$oid":"5cbf35b84af12ce16d62222b"},"99popularity":82.0,"director":"Ingmar Bergman","genre":["Drama"," Fantasy"],"imdb_score":8.2,"name":"Persona"},{"_id":{"$oid":"5cbf35b84af12ce16d62222c"},"99popularity":80.0,"director":"George A. Romero","genre":["Action"," Horror"],"imdb_score":8.0,"name":"Dawn of the Dead"},{"_id":{"$oid":"5cbf35b84af12ce16d62222d"},"99popularity":80.0,"director":"Jean Vigo","genre":["Drama"," Romance"],"imdb_score":8.0,"name":"Latalante"},{"_id":{"$oid":"5cbf35b84af12ce16d62222e"},"99popularity":68.0,"director":"Adrian Lyne","genre":["Drama"," Thriller"],"imdb_score":6.8,"name":"Fatal Attraction"},{"_id":{"$oid":"5cbf35b84af12ce16d62222f"},"99popularity":60.0,"director":"Edward L. Cahn","genre":["Horror"," Sci-Fi"],"imdb_score":6.0,"name":"It! The Terror from Beyond Space"},{"_id":{"$oid":"5cbf35b84af12ce16d622230"},"99popularity":83.0,"director":"John Moffitt","genre":["Comedy"," Music"],"imdb_score":8.3,"name":"Toast of the Town"},{"_id":{"$oid":"5cbf35b84af12ce16d622231"},"99popularity":79.0,"director":"William Friedkin","genre":["Action"," Crime"," Thriller"],"imdb_score":7.9,"name":"The French Connection"},{"_id":{"$oid":"5cbf35b84af12ce16d622232"},"99popularity":73.0,"director":"Clyde Geronimi","genre":["Animation"," Adventure"," Family"," Fantasy"," Music"],"imdb_score":7.3,"name":"Peter Pan"},{"_id":{"$oid":"5cbf35b84af12ce16d622233"},"99popularity":78.0,"director":"John Nicolella","genre":["Action"," Crime"," Drama"," Thriller"],"imdb_score":7.8,"name":"Miami Vice"},{"_id":{"$oid":"5cbf35b84af12ce16d622234"},"99popularity":88.0,"director":"Martin Scorsese","genre":["Crime"," Drama"," Thriller"],"imdb_score":8.8,"name":"Goodfellas"},{"_id":{"$oid":"5cbf35b84af12ce16d622235"},"99popularity":76.0,"director":"Michael OHerlihy","genre":["Crime"," Drama"," Mystery"],"imdb_score":7.6,"name":"Hawaii Five-O"},{"_id":{"$oid":"5cbf35b84af12ce16d622236"},"99popularity":66.0,"director":"Dennis Donnelly","genre":["Action"," Adventure"," Crime"," Drama"," Mystery"],"imdb_score":6.6,"name":"Charlies Angels"},{"_id":{"$oid":"5cbf35b84af12ce16d622237"},"99popularity":64.0,"director":"George Lucas","genre":["Action"," Adventure"," Fantasy"," Sci-Fi"],"imdb_score":6.4,"name":"Star Wars : Episode I - The Phantom Menace"},{"_id":{"$oid":"5cbf35b84af12ce16d622238"},"99popularity":62.0,"director":"Michael Curtiz","genre":["Drama"," History"],"imdb_score":6.2,"name":"The Egyptian"}]
